<?xml version="1.0" encoding="UTF-8" standalone="yes"?>
<addon id="repository.SkyQ" name="Sky Q repo" version="0.0.1" provider-name="GTM">
	<extension point="xbmc.addon.repository" name="Sky Q Repository">
		<dir>
			<info compressed="false">https://raw.githubusercontent.com/noobsandnerds/modules4all/master/zips/addons.xml</info>
			<checksum>https://raw.githubusercontent.com/noobsandnerds/modules4all/master/zips/addons.xml.md5</checksum>
			<datadir zip="true">https://raw.githubusercontent.com/noobsandnerds/modules4all/master/zips/</datadir>
		</dir>
		<info compressed="false">https://raw.githubusercontent.com/gtmnyc/repository.SkyQ/master/zips/addons.xml</info>
		<checksum>https://raw.githubusercontent.com/gtmnyc/repository.SkyQ/master/zips/addons.xml.md5</checksum>
		<datadir zip="true">https://raw.githubusercontent.com/gtmnyc/repository.SkyQ/master/zips/</datadir>
	</extension>
	<extension point="xbmc.addon.metadata">
		<summary lang="en">Sky Q repo</summary>
		<description lang="en">Sky Q</description>
		<genre></genre>
	</extension>
</addon>