<dir>
  <title>Trending Movies</title>
  <trakt>https://api.trakt.tv/movies/trending</trakt>
</dir>

<dir>
  <title>Popular Movies</title>
  <trakt>https://api.trakt.tv/movies/popular</trakt>
</dir>

<dir>
  <title>Movie Watchlist</title>
  <trakt>https://api.trakt.tv/sync/watchlist/movies</trakt>
</dir>

<dir>
  <title>Movie Collection</title>
  <trakt>https://api.trakt.tv/sync/collection/movies</trakt>
</dir>

<dir>
  <title>TMDB Popular</title>
  <tmdb>movies/popular</tmdb>
</dir>

<dir>
  <title>TMDB Now Playing</title>
  <tmdb>movies/now_playing</tmdb>
</dir>

<dir>
  <title>TMDB Top Rated</title>
  <tmdb>movies/top_rated</tmdb>
</dir>

<dir>
  <title>TMDB Action Movies</title>
  <tmdb>genre/movies/28</tmdb>
</dir>

<dir>
  <title>TMDB Star Wars Collection</title>
  <tmdb>collection/10</tmdb>
</dir>

<dir>
  <title>True Movies</title>
  <trakt>https://api.trakt.tv/users/documentaryrepo/lists/true-movies/items</trakt>
</dir>
